x1,x2,x3,x4,x5,x6,x7,x8,x9,x10,x11,x12,x13,x14,x15,x16,x17,x18,x19,x20,x21,x22,x23,x24
96.92698,0.0,0.0,0.0,0.0,0.0,0.0,0.0,0.0,0.0,0.0,0.0,0.0,0.0,0.0,60.64451,576.37756,904.79859,1030.40696,933.35242,830.69416,819.15587,727.65731,410.03627
63.51368,0.0,0.0,0.0,0.0,0.0,0.0,0.0,0.0,0.0,0.0,0.0,0.0,0.0,0.0,59.71524,348.30122,461.61006,515.98532,585.42281,560.69808,524.71873,400.73442,191.5361
24.509,0.0,0.0,0.0,0.0,0.0,0.0,0.0,0.0,0.0,0.0,0.0,0.0,0.0,0.0,30.78175,398.27628,714.70316,900.47096,865.62006,805.46827,720.56081,695.62134,324.30118
54.62545,0.0,0.0,0.0,0.0,0.0,0.0,0.0,0.0,0.0,0.0,0.0,0.0,0.0,0.0,72.58712,333.80623,560.79042,573.25287,489.72964,387.93049,344.33033,218.4828,201.33488
53.76422,0.0,0.0,0.0,0.0,0.0,0.0,0.0,0.0,0.0,0.0,0.0,0.0,0.0,0.0,56.62473,658.82726,1091.89849,1067.16484,1024.72505,962.83965,940.52714,455.7855,224.21826
89.04427,0.0,0.0,0.0,0.0,0.0,0.0,0.0,0.0,0.0,0.0,0.0,0.0,0.0,0.0,74.77641,467.5585,592.73564,725.93294,816.93519,684.8675,565.09082,688.83148,664.22996
183.56296,20.56667,0.0,0.0,0.0,0.0,0.0,0.0,0.0,0.0,0.0,0.0,0.0,0.0,0.0,13.98537,81.87399,190.12256,340.46355,450.11178,476.7662,553.20068,640.39233,566.85821
169.78605,0.0,0.0,0.0,0.0,0.0,0.0,0.0,0.0,0.0,0.0,0.0,0.0,0.0,0.0,26.26779,367.23778,754.6744,697.29498,624.92342,719.3665,821.93319,752.10704,651.04521
135.31599,0.0,0.0,0.0,0.0,0.0,0.0,0.0,0.0,0.0,0.0,0.0,0.0,0.0,0.0,38.50626,466.53151,699.30391,975.7774,1011.12078,1009.38368,1048.51177,1107.94152,877.70092
244.77235,0.0,0.0,0.0,0.0,0.0,0.0,0.0,0.0,0.0,0.0,0.0,0.0,0.0,0.0,40.54723,454.60025,921.09262,1033.02765,1029.50593,1047.04936,1004.5401,913.64112,768.16098
206.57544,0.0,0.0,0.0,0.0,0.0,0.0,0.0,0.0,0.0,0.0,0.0,0.0,0.0,0.0,80.77191,537.76115,823.17076,819.10076,872.17997,864.35028,729.76833,859.0867,677.371
160.33557,0.0,0.0,0.0,0.0,0.0,0.0,0.0,0.0,0.0,0.0,0.0,0.0,0.0,0.0,32.10855,202.47344,289.85848,463.28013,464.71594,508.29775,459.73592,499.03955,374.04505
85.35767,0.0,0.0,0.0,0.0,0.0,0.0,0.0,0.0,0.0,0.0,0.0,0.0,0.0,0.0,39.46917,487.5682,1005.07596,1072.32848,1035.67264,984.13496,1002.11623,1082.86284,882.4766
201.04831,0.0,0.0,0.0,0.0,0.0,0.0,0.0,0.0,0.0,0.0,0.0,0.0,0.0,0.0,37.68413,412.73941,772.55998,841.07838,987.35892,1021.21125,1092.10988,1139.10404,816.52494
210.18528,0.0,0.0,0.0,0.0,0.0,0.0,0.0,0.0,0.0,0.0,0.0,0.0,0.0,0.0,51.98918,552.77842,904.96738,1006.26081,1079.51334,1022.35986,1032.08494,1056.28982,820.66023
167.93103,0.0,0.0,0.0,0.0,0.0,0.0,0.0,0.0,0.0,0.0,0.0,0.0,0.0,0.0,74.16856,697.48769,1107.2143,1102.35175,1072.08798,1070.7832,1123.34489,1160.42107,924.51966
240.71152,0.0,0.0,0.0,0.0,0.0,0.0,0.0,0.0,0.0,0.0,0.0,0.0,0.0,0.0,63.04907,631.77471,1083.57305,1039.78364,943.67721,882.44911,862.89976,865.9698,814.86237
230.35645,0.0,0.0,0.0,0.0,0.0,0.0,0.0,0.0,0.0,0.0,0.0,0.0,0.0,0.0,67.73168,643.03475,1098.74703,1137.32625,1101.93372,1095.48809,1161.61115,1211.4642,1011.62989
282.7852,0.0,0.0,0.0,0.0,0.0,0.0,0.0,0.0,0.0,0.0,0.0,0.0,0.0,0.0,60.16532,637.26431,1045.23445,1101.03861,1052.02533,1052.69921,1112.74749,1147.49905,935.88593
261.55872,0.0,0.0,0.0,0.0,0.0,0.0,0.0,0.0,0.0,0.0,0.0,0.0,0.0,0.0,92.9825,794.20523,1219.07143,1211.12541,1148.5662,1095.09772,1179.10255,1181.11045,1043.69488
307.9925,0.0,0.0,0.0,0.0,0.0,0.0,0.0,0.0,0.0,0.0,0.0,0.0,0.0,0.0,101.60909,804.43447,1170.18164,1199.37593,1134.54118,1124.71825,1165.90499,1086.74953,900.10113
283.47949,0.0,0.0,0.0,0.0,0.0,0.0,0.0,0.0,0.0,0.0,0.0,0.0,0.0,0.0,21.78356,234.475,633.113,877.07657,536.94672,541.78847,539.51034,589.92797,318.16872
145.78021,0.0,0.0,0.0,0.0,0.0,0.0,0.0,0.0,0.0,0.0,0.0,0.0,0.0,0.0,8.91331,118.69159,239.89838,438.47912,577.42987,637.30714,824.61134,794.64895,884.98597
275.35062,1.23887,0.0,0.0,0.0,0.0,0.0,0.0,0.0,0.0,0.0,0.0,0.0,0.0,0.0,70.94977,529.79727,923.5406,927.5402,883.91653,680.74078,444.16905,235.18321,163.53569
44.75998,0.0,0.0,0.0,0.0,0.0,0.0,0.0,0.0,0.0,0.0,0.0,0.0,0.0,0.0,51.20168,348.78097,606.02101,577.07799,773.83518,732.53447,531.68004,596.04117,715.68653
257.7841,1.80513,0.0,0.0,0.0,0.0,0.0,0.0,0.0,0.0,0.0,0.0,0.0,0.0,0.0,140.17123,864.28022,1177.4081,1173.71459,1038.13469,883.09473,806.34528,755.75529,378.62738
92.76476,0.0,0.0,0.0,0.0,0.0,0.0,0.0,0.0,0.0,0.0,0.0,0.0,0.0,0.0,1.23023,33.58468,72.60296,104.63749,134.65356,154.03376,134.68021,86.74016,50.47625
16.91405,0.0,0.0,0.0,0.0,0.0,0.0,0.0,0.0,0.0,0.0,0.0,0.0,0.0,0.0,4.99411,41.33093,82.77,124.46212,155.04634,147.53243,119.7077,71.4407,40.44223
9.51738,0.0,0.0,0.0,0.0,0.0,0.0,0.0,0.0,0.0,0.0,0.0,0.0,0.0,0.0,84.01903,723.20435,1160.43455,1068.2335,1024.63789,929.72595,989.1621,875.84373,763.80072
268.84146,2.62033,0.0,0.0,0.0,0.0,0.0,0.0,0.0,0.0,0.0,0.0,0.0,0.0,0.0,141.10803,831.78379,1112.33822,1035.68239,839.6832,797.97346,835.74081,857.52822,839.30714
362.19897,4.18138,0.0,0.0,0.0,0.0,0.0,0.0,0.0,0.0,0.0,0.0,0.0,0.0,0.0,97.31229,671.56874,928.35105,869.67163,841.2038,965.51947,856.60873,760.20972,364.60965
107.85046,1.20787,0.0,0.0,0.0,0.0,0.0,0.0,0.0,0.0,0.0,0.0,0.0,0.0,0.0,21.52991,309.87426,806.85045,775.32687,892.01625,1137.48833,1036.83237,1184.9344,1112.21635
491.5696,11.63584,0.0,0.0,0.0,0.0,0.0,0.0,0.0,0.0,0.0,0.0,0.0,0.0,0.0,158.23977,825.01286,924.79623,950.7502,907.22737,878.54489,700.30404,721.0878,593.50054
221.56091,6.5896,0.0,0.0,0.0,0.0,0.0,0.0,0.0,0.0,0.0,0.0,0.0,0.0,0.0,174.35615,984.90651,1197.26225,1109.84491,1080.20126,1005.78379,957.01897,1229.33491,1078.01233
496.60525,24.5846,3.8144,3.89028,3.89162,3.87345,3.89979,3.9007,3.74723,0.0,0.0,0.0,0.0,0.0,0.0,171.3239,902.49033,1244.43459,1249.84999,1160.49931,1083.47923,1192.90081,1040.91432,1134.98529
582.67777,20.22472,0.0,0.0,0.0,0.0,0.0,0.0,0.0,0.0,0.0,0.0,0.0,0.0,0.0,205.72031,776.2286,689.93877,956.80369,1011.69359,1130.71747,1090.36099,1039.1013,918.3399
578.19965,22.57391,0.0,0.0,0.0,0.0,0.0,0.0,0.0,0.0,0.0,0.0,0.0,0.0,0.0,193.19008,826.24542,967.40188,942.57261,904.22037,904.67508,933.96097,966.77997,1008.39879
553.69929,25.01062,0.0,0.0,0.0,0.0,0.0,0.0,0.0,0.0,0.0,0.0,0.0,0.0,0.0,201.43421,987.13101,1181.09178,1091.91287,1076.45492,951.4549,903.79321,966.38897,901.80863
293.19528,17.05051,0.0,0.0,0.0,0.0,0.0,0.0,0.0,0.0,0.0,0.0,0.0,0.0,0.0,151.3428,706.44097,964.11239,1074.39561,936.63323,933.83609,528.07886,616.17623,506.17614
187.4045,10.25288,0.0,0.0,0.0,0.0,0.0,0.0,0.0,0.0,0.0,0.0,0.0,0.0,0.0,54.64507,269.36601,463.45977,930.71523,960.21554,928.99285,801.15991,589.32973,409.53951
138.35907,9.55289,0.0,0.0,0.0,0.0,0.0,0.0,0.0,0.0,0.0,0.0,0.0,0.0,0.0,234.6721,970.84889,1222.02278,1218.97845,1152.03985,1182.84115,1222.26702,1269.30518,1191.56842
631.77363,36.97648,0.0,0.0,0.0,0.0,0.0,0.0,0.0,0.0,0.0,0.0,0.0,0.0,0.0,129.23992,629.27021,868.9055,758.55318,780.85853,764.92976,463.45677,387.90128,202.24938
47.9397,0.48924,0.0,0.0,0.0,0.0,0.0,0.0,0.0,0.0,0.0,0.0,0.0,0.0,0.0,246.23029,1081.41907,1342.48327,1013.62173,876.12941,788.36723,786.84941,879.4142,1035.68589
568.9441,43.86895,0.0,0.0,0.0,0.0,0.0,0.0,0.0,0.0,0.0,0.0,0.0,0.0,0.40213,128.12916,415.74602,716.50528,977.83203,1013.82655,1105.0304,1176.93796,934.83806,838.71764
571.02409,70.70859,0.0,0.0,0.0,0.0,0.0,0.0,0.0,0.0,0.0,0.0,0.0,0.0,1.03944,249.60778,1007.53106,1195.65078,1271.05702,1138.62393,1005.17297,721.7121,791.88991,464.46879
182.17215,13.16264,0.0,0.0,0.0,0.0,0.0,0.0,0.0,0.0,0.0,0.0,0.0,0.0,0.0,74.41592,285.48572,604.89936,966.67564,845.86249,899.23264,674.76427,670.5847,442.34748
415.35061,45.30102,0.0,0.06482,0.1487,0.1028,0.08245,0.05709,0.14313,0.11721,0.09552,0.04946,0.03349,0.11417,2.48718,330.04476,1073.14908,1225.02769,1138.99149,935.28713,919.38063,903.42248,1167.77131,1291.19993
744.96991,70.64363,0.0,0.0,0.0,0.0,0.0,0.0,0.0,0.0,0.0,0.0,0.0,0.0,2.3485,386.74423,1238.81975,1262.3963,1182.90152,1058.29576,1073.52986,1218.01842,1422.1949,1390.38935
739.94869,71.69458,0.21938,0.37856,0.29422,0.30977,0.0,0.0,0.0,0.0,0.0,0.0,0.0,0.0,1.5633,412.11956,1255.74838,1411.69991,1343.49711,1290.69747,1309.60321,1351.21807,1349.30244,1238.87209
763.90796,77.17731,0.0,0.0,0.0,0.0,0.0,0.0,0.0,0.0,0.0,0.0,0.0,0.0,2.91122,367.74873,1042.23706,1182.58323,1181.43453,1070.09602,1042.77929,1017.35136,877.46998,892.77181
600.46181,47.54243,0.0,0.0,0.0,0.0,0.0,0.0,0.0,0.0,0.0,0.0,0.0,0.0,2.31276,422.57611,1219.45507,1042.38029,928.14871,817.58748,849.25191,857.48403,956.11239,1095.47728
809.23474,88.07723,0.0,0.0,0.0,0.0,0.0,0.0,0.0,0.0,0.0,0.0,0.0,0.0,5.38579,433.83294,1273.4675,1334.48729,1266.27074,1193.65998,1079.07433,1028.41124,1207.30284,1263.91524
884.16532,105.47037,0.0,0.0,0.0,0.0,0.0,0.0,0.0,0.0,0.0,0.0,0.0,0.0,6.12275,460.60392,1270.89233,1419.81892,1397.83913,1335.78966,1301.46287,1284.7475,1324.25797,1306.77383
845.21987,113.28394,0.0,0.0,0.0,0.0,0.0,0.0,0.0,0.0,0.0,0.0,0.0,0.0,8.58159,256.15434,701.06629,941.4563,988.61027,1130.80627,1114.11576,1113.02761,1230.69438,1360.8883
864.81629,115.21978,0.0,0.0,0.0,0.0,0.0,0.0,0.0,0.0,0.0,0.0,0.0,0.0,9.21042,524.397,1314.97344,1454.70612,1396.05256,1406.9376,1386.44536,1401.11177,1418.29449,1435.28484
950.58752,124.37977,0.0,0.0,0.0,0.0,0.0,0.0,0.0,0.0,0.0,0.0,0.0,0.0,7.94485,474.74776,1223.49405,1444.28917,1420.95445,1379.31837,1328.49752,1343.23296,1410.82416,1305.13607
865.83111,127.64936,0.0,0.0,0.0,0.0,0.0,0.0,0.0,0.0,0.0,0.0,0.0,0.0,10.25169,550.05968,1270.84705,1396.06746,1373.87526,1333.98988,1045.4022,1020.09453,1254.50217,1349.21138
878.75907,130.82224,0.0,0.0,0.0,0.0,0.0,0.0,0.0,0.0,0.0,0.0,0.0,0.0,11.41898,558.56145,1309.46266,1302.36754,1186.76359,1001.67817,966.82852,892.35383,952.7807,1199.43123
845.95178,128.28868,0.0,0.0,0.0,0.0,0.0,0.0,0.0,0.0,0.0,0.0,0.0,0.0,14.56206,390.24246,1205.9329,1333.26238,1219.15717,1003.8637,956.27874,966.28367,1058.25423,1292.63363
938.20746,146.4464,0.0,0.0,0.0,0.0,0.0,0.0,0.0,0.0,0.0,0.0,0.0,0.0,13.86009,487.05939,1202.77274,1334.51745,1274.29798,1271.29037,1328.1278,1263.24733,1238.49113,737.17907
286.94947,45.18847,0.0,0.0,0.0,0.0,0.0,0.0,0.0,0.0,0.0,0.0,0.0,0.0,3.75651,92.62286,221.91601,357.81925,602.41132,871.75495,1085.17638,1070.3628,888.35032,872.683
502.95115,94.79919,0.0,0.0,0.0,0.0,0.0,0.0,0.0,0.0,0.0,0.0,0.0,0.0,24.585,603.04014,1282.14681,1384.6504,1404.76873,1294.331,1250.54766,1325.84937,1372.20805,1344.5864
934.07152,158.45459,0.0,0.0,0.0,0.0,0.0,0.0,0.0,0.0,0.0,0.0,0.0,0.0,31.17555,648.3847,1297.72882,1412.00497,1390.83487,1338.49561,1372.42746,1356.21287,1333.62721,1255.19503
809.85269,139.66967,0.0,0.0,0.0,0.0,0.0,0.0,0.0,0.0,0.0,0.0,0.0,0.0,15.97377,283.88706,984.959,1201.89349,1314.48839,1194.40206,995.16645,1001.10413,1038.14192,1097.85448
970.52086,198.04144,0.3894,0.0,0.0,0.0,0.0,0.0,0.0,0.0,0.0,0.0,0.0,0.0,37.46185,589.48489,1107.26129,1218.85225,1292.93555,1216.69903,1166.689,1250.04964,1139.69815,842.91848
571.9884,201.00115,0.0,0.0,0.0,0.0,0.0,0.0,0.0,0.0,0.0,0.0,0.0,0.0,50.00029,727.18281,1289.58416,1408.57819,1362.29838,1290.64309,1300.23729,1347.70384,1371.25312,1003.34666
680.88844,127.3948,0.0,0.0,0.0,0.0,0.0,0.0,0.0,0.0,0.0,0.0,0.0,0.0,31.29528,368.01748,876.39211,972.94211,870.92985,936.84998,1206.71687,1295.54662,1121.06908,703.62196
319.14411,43.40179,0.0,0.0,0.0,0.0,0.0,0.0,0.0,0.0,0.0,0.0,0.0,0.0,13.32082,136.11881,666.4237,730.70107,819.80844,1159.03963,867.84928,929.93924,731.18594,719.80026
344.04496,85.27518,0.0,0.0,0.0,0.0,0.0,0.0,0.0,0.0,0.0,0.0,0.0,0.0,27.60213,380.26717,589.44081,769.52268,862.58499,832.96023,934.50192,1007.11631,829.30839,900.13714
641.74554,161.60047,0.0,0.0,0.0,0.0,0.0,0.0,0.0,0.0,0.0,0.0,0.0,0.0,38.09763,605.85576,1270.09783,1441.59341,1484.10818,1405.5142,1378.59887,1357.78645,1331.74335,1308.06255
1061.31728,243.53097,0.0,0.0,0.0,0.0,0.0,0.0,0.0,0.0,0.0,0.0,0.0,0.0,89.13528,895.52651,1448.40758,1347.89992,1188.23151,1102.27694,1089.42897,978.2017,1032.17021,1066.01456
960.89125,265.93085,0.0,0.0,0.0,0.0,0.0,0.0,0.0,0.0,0.0,0.0,0.0,0.0,101.56714,700.56446,1045.45318,1173.69896,1207.53102,1138.13816,1028.37786,843.58608,684.76469,568.67205
294.78364,85.10802,0.0,0.0,0.0,0.0,0.0,0.0,0.0,0.0,0.0,0.0,0.0,0.0,67.49244,713.62978,1290.67899,1133.69201,995.69773,1033.37172,1030.30923,825.7082,531.03084,490.34649
347.99504,92.86199,0.0,0.0,0.0,0.0,0.0,0.0,0.0,0.0,0.0,0.0,0.0,0.0,112.64984,916.60614,1331.31219,1300.57669,1304.12839,1281.95776,1250.39269,1225.62879,1217.58271,1153.06503
943.21251,282.42979,0.0,0.0,0.0,0.0,0.0,0.0,0.0,0.0,0.0,0.0,0.0,0.0,109.17556,856.45379,1078.9268,860.72549,919.24517,932.17611,1016.27915,1059.31209,996.25491,629.06691
257.92685,56.86145,0.0,0.0,0.0,0.0,0.0,0.0,0.0,0.0,0.0,0.0,0.0,0.0,103.75429,668.86119,1013.86228,934.28392,911.4263,1088.65436,1090.6671,1001.04501,897.29436,547.75496
220.56555,49.06009,0.0,0.0,0.0,0.0,0.0,0.0,0.0,0.0,0.0,0.0,0.0,0.0,22.81315,134.38544,287.9846,504.52948,577.59745,603.11346,610.68582,513.8822,297.20216,168.17068
142.52966,34.7947,0.0,0.0,0.0,0.0,0.0,0.0,0.0,0.0,0.0,0.0,0.0,0.0,165.16761,998.97303,1431.22508,1513.10975,1126.14257,1035.40754,918.61698,775.24711,948.96202,866.00129
969.62937,292.52331,0.0,0.0,0.0,0.0,0.0,0.0,0.0,0.0,0.0,0.0,0.0,0.0,188.94935,977.2464,1269.24296,1203.88335,1152.74328,1093.23374,1016.6454,925.82317,866.08679,911.62451
964.87992,339.49501,0.0,0.0,0.0,0.0,0.0,0.0,0.0,0.0,0.0,0.0,0.0,0.0,188.47478,1039.65335,1403.60672,1533.9815,1570.19071,1541.76137,1427.51045,1458.33635,1197.5815,1157.44243
1143.35404,308.62253,0.22512,0.0,0.0,0.0,0.0,0.0,0.0,0.0,0.0,0.0,0.0,0.0,198.57645,1142.12819,1549.61901,1595.31048,1605.92606,1608.0101,1577.23868,1578.83904,1442.49056,1297.36459
1138.36365,355.924,0.95093,0.0,0.0,0.0,0.0,0.0,0.0,0.0,0.0,0.0,0.0,0.0,228.43649,1130.0272,1460.8518,1463.4558,1490.22041,1397.0237,1226.5877,1135.45017,1136.53737,986.58375
627.64086,160.1199,0.0,0.0,0.0,0.0,0.0,0.0,0.0,0.0,0.0,0.0,0.0,0.0,252.00617,990.9848,1351.63538,1418.51563,1355.87501,1321.8228,1362.34738,1353.19393,1285.92207,1255.45632
1039.17545,321.72359,1.59654,0.0,0.0,0.0,0.0,0.0,0.0,0.0,0.0,0.0,0.0,0.0,245.41962,1160.49334,1538.65994,1594.73852,1581.15914,1575.99693,1552.97603,1579.53229,1515.99551,1400.3259
1179.47341,416.18172,3.15303,0.0,0.0,0.0,0.0,0.0,0.0,0.0,0.0,0.0,0.0,0.0,280.69955,1175.9639,1517.60412,1566.47573,1565.34629,1543.94608,1548.28588,1554.27661,1555.07393,1523.05202
1269.82612,415.50758,2.94764,0.0,0.0,0.0,0.0,0.0,0.0,0.0,0.0,0.0,0.0,0.0,300.00259,1197.60823,1518.54113,1560.71154,1556.10285,1470.624,1302.02369,1440.9394,1560.04668,1505.63123
1251.89134,419.14584,3.57053,0.0,0.0,0.0,0.0,0.0,0.0,0.0,0.0,0.0,0.0,0.0,312.99995,1161.42445,1503.96028,1568.84967,1568.68099,1557.32043,1551.81672,1557.71149,1493.56179,1383.07678
1231.03266,400.29753,4.49968,0.0,0.0,0.0,0.0,0.0,0.0,0.0,0.0,0.0,0.0,0.0,315.25038,1185.52249,1392.5616,1270.05905,1496.70794,1312.92456,1298.37186,1358.14644,1472.47619,1309.12742
1255.33828,447.79729,6.48918,0.0,0.0,0.0,0.0,0.0,0.0,0.0,0.0,0.0,0.0,0.0,333.78094,1207.62745,1512.18549,1557.55169,1569.16229,1488.10684,1527.15725,1535.81263,1510.39139,1456.85237
1210.9714,420.7682,6.24114,0.0,0.0,0.0,0.0,0.0,0.0,0.0,0.0,0.0,0.0,0.0,323.00485,1211.48494,1320.20115,1471.51072,1391.05007,1405.27276,1452.86166,1538.28996,1548.94359,1500.58838
1223.22214,437.04931,6.89125,0.0,0.0,0.0,0.0,0.0,0.0,0.0,0.0,0.0,0.0,0.0,380.12226,1257.79329,1545.80397,1523.45933,1488.52024,1401.8861,1469.42208,1484.49995,1542.06989,1517.96522
1230.96532,376.71049,4.10608,0.0,0.0,0.0,0.0,0.0,0.0,0.0,0.0,0.0,0.0,0.09008,383.51947,1288.67296,1581.97174,1596.53857,1403.62357,1308.31426,1154.35749,1199.12288,1421.7779,1317.53889
933.51839,322.05697,6.72281,0.0,0.0,0.0,0.0,0.0,0.0,0.0,0.0,0.0,0.0,0.70134,408.61013,1265.44186,1563.29483,1531.9425,1382.54599,1282.72845,1350.84992,1166.62726,1314.43435,1181.91324
785.78245,185.93282,9.04812,0.0,0.0,0.0,0.0,0.0,0.0,0.0,0.0,0.0,0.0,2.02622,401.68284,1270.64326,1564.07526,1586.18066,1575.14953,1557.78021,1549.37174,1554.3864,1559.58782,1535.04575
1313.14132,498.63932,10.89486,0.0,0.0,0.0,0.0,0.0,0.0,0.0,0.0,0.0,0.0,4.51758,457.93398,1297.33547,1569.23841,1603.25872,1599.615,1579.49554,1591.19862,1581.53937,1532.159,1545.53592
1279.90198,506.28853,13.35052,0.0,0.0,0.0,0.0,0.0,0.0,0.0,0.0,0.0,0.0,6.13807,456.56012,1318.97075,1511.19994,1501.16689,1596.93734,1577.49405,1576.95935,1521.74029,1466.84474,1348.99323
861.91132,487.20768,18.65561,0.0,0.0,0.0,0.0,0.0,0.0,0.0,0.0,0.0,0.0,9.43497,511.63533,1339.9737,1521.48263,1562.76366,1569.4643,1532.63435,1527.96886,1428.47259,1469.27339,1325.24468
1146.89312,517.50208,20.34939,0.0,0.0,0.0,0.0,0.0,0.0,0.0,0.0,0.0,0.0,8.47018,441.33475,1183.86439,1465.57717,1570.16609,1626.47811,1602.76583,1611.01048,1619.51495,1616.06527,1550.09701
1369.80985,571.12724,19.78367,0.0,0.0,0.0,0.0,0.0,0.0,0.0,0.0,0.0,0.0,17.59389,558.99235,1176.50003,1532.04087,1471.88383,1555.47005,1498.63559,1485.5248,1499.88902,1552.66895,1539.11617
1339.68721,550.50443,15.97008,0.0,0.0,0.0,0.0,0.0,0.0,0.0,0.0,0.0,0.0,16.42276,571.17741,1278.3252,1425.10744,1511.96051,1495.30663,1411.60602,1483.38764,1492.5572,1349.05532,1300.15053
1167.01882,547.69535,17.62229,0.0,0.0,0.0,0.0,0.0,0.0,0.0,0.0,0.0,0.0,17.48629,556.3437,1373.56768,1574.68892,1609.84603,1611.27121,1585.15339,1404.59084,1448.24971,1390.22566,1086.42394
683.26884,458.23806,19.12453,0.0,0.0,0.0,0.0,0.0,0.0,0.0,0.0,0.0,0.0,19.59407,580.22456,1381.57813,1579.0963,1595.33153,1610.25629,1598.28525,1603.19805,1604.79425,1614.99915,1576.95248
1371.46821,585.6016,27.78726,0.0,0.0,0.0,0.0,0.0,0.0,0.0,0.0,0.0,0.0,21.42058,568.00296,1321.76329,1529.42971,1500.28323,1503.19137,1485.13491,1460.7009,1366.27951,1273.30003,1248.59297
1170.75227,488.23141,24.74086,0.0,0.0,0.0,0.0,0.0,0.0,0.0,0.0,0.0,0.0,25.22798,616.53079,1371.88958,1537.79388,1557.67413,1109.17338,1269.04703,1532.00972,1546.15389,1548.47891,1498.51311
1335.55646,603.48301,30.78305,0.0,0.0,0.0,0.0,0.0,0.0,0.0,0.0,0.0,0.0,30.10514,643.54666,1417.93023,1592.96232,1626.25731,1632.49339,1620.39373,1585.98593,1550.29123,1578.74362,1526.26652
1342.45979,603.62587,31.68538,0.0,0.0,0.0,0.0,0.0,0.0,0.0,0.0,0.0,0.0,32.72805,627.05938,1319.83783,1487.53207,1558.35075,1559.78703,1554.11041,1557.83515,1554.95946,1547.98044,1520.98475
1326.84961,589.95496,33.07867,0.0,0.0,0.0,0.0,0.0,0.0,0.0,0.0,0.0,0.0,39.45656,696.96786,1380.09347,1524.92186,1550.97195,1553.52575,1544.75217,1543.89129,1539.93509,1534.91727,1510.58902
1350.79721,660.85517,39.07571,0.0,0.0,0.0,0.0,0.0,0.0,0.0,0.0,0.0,0.0,45.32782,675.1667,1364.98654,1505.24429,1541.96632,1543.77336,1538.05167,1531.59186,1537.68793,1549.69569,1521.67725
1345.71959,661.73371,40.6418,0.0,0.0,0.0,0.0,0.0,0.0,0.0,0.0,0.0,0.0,47.70279,701.80903,1285.37941,1421.57546,1496.80712,1487.0696,1470.11982,1434.38307,1399.6771,1530.05669,1523.65381
1337.64266,649.04496,41.83305,0.0,0.0,0.0,0.0,0.0,0.0,0.0,0.0,0.0,0.0,31.17228,551.11966,1269.2827,1553.56664,1599.52764,1621.92745,1593.57521,1612.94463,1597.60787,1605.24255,1547.30724
1331.0574,624.08431,42.09769,0.0,0.0,0.0,0.0,0.0,0.0,0.0,0.0,0.0,0.0,47.96969,692.49457,1398.48049,1568.67074,1575.50604,1528.47786,1566.07289,1592.56356,1598.25659,1595.20265,1560.10799
1383.4062,691.01539,49.21722,0.0,0.0,0.0,0.0,0.0,0.0,0.0,0.0,0.0,0.0,60.40111,759.02128,1446.63476,1585.24185,1611.51135,1618.89842,1609.10058,1609.53975,1598.02699,1590.85507,1545.34891
1364.40768,620.93203,49.15743,0.0,0.0,0.0,0.0,0.0,0.0,0.0,0.0,0.0,0.0,43.11155,422.28355,786.70162,1082.64148,1305.61331,1505.08508,1395.33314,1481.23524,1503.11602,1326.07391,1181.50228
1006.05467,396.66957,33.05882,15.90241,16.09868,16.22878,16.22073,16.21709,16.26977,16.23763,16.21917,16.20636,16.16667,33.04974,145.38062,334.9137,552.99171,616.36686,728.85436,761.82809,890.00507,781.5234,478.13156,326.67495
224.40485,141.21605,33.54427,16.80185,16.23508,16.30628,16.30652,16.29563,16.29375,16.2585,16.26129,16.24558,16.20508,75.03186,675.1024,1204.88962,1400.44324,1479.94193,1464.68217,1527.93921,1490.88509,1491.77902,1403.48261,1309.57505
1215.45589,646.34554,51.72968,0.0,0.0,0.0,0.0,0.0,0.0,0.0,0.0,0.0,0.0,91.75628,849.11501,1426.59139,1496.90015,1446.25775,1499.83069,1435.54973,1503.96107,1611.21215,1591.39615,1510.33604
1420.77564,768.85841,70.22392,0.0,0.0,0.0,0.0,0.0,0.0,0.0,0.0,0.0,0.0,111.4503,928.70274,1496.70442,1596.21169,1629.59803,1621.54728,1513.33554,1498.19182,1576.17737,1500.03161,1489.06847
1368.37911,760.90246,74.71818,0.0,0.0,0.0,0.0,0.0,0.0,0.0,0.0,0.0,0.0,101.60568,831.12305,1364.88369,1480.78865,1489.46613,1457.85252,1395.79184,1499.59038,1493.33488,1493.45581,1448.23606
1303.8639,720.64976,59.35416,0.0,0.0,0.0,0.0,0.0,0.0,0.0,0.0,0.0,0.0,98.10407,775.27642,1392.26916,1468.17569,1514.89479,1518.27107,1490.31534,1488.44518,1151.9763,1306.70187,1218.38592
932.43964,449.88465,47.13492,0.0,0.0,0.0,0.0,0.0,0.0,0.0,0.0,0.0,0.0,49.48369,517.30197,1250.02389,1484.26208,1411.32625,1224.04996,1424.62847,1505.67908,1518.59034,1508.87231,1476.12976
1352.89816,778.42082,85.36209,0.0,0.0,0.0,0.0,0.0,0.0,0.0,0.0,0.0,0.0,113.6228,655.18653,836.46494,1022.74274,1087.53548,926.45257,930.21865,1064.4857,1121.76437,1118.2078,1080.89207
992.60488,723.25737,80.12534,0.0,0.0,0.0,0.0,0.0,0.0,0.0,0.0,0.0,0.0,126.83431,887.15394,1420.87777,1497.0931,1408.85716,1291.73345,1440.20588,1512.56548,1372.27537,1477.0383,1475.68264
1328.12598,734.38209,81.65514,0.0,0.0,0.0,0.0,0.0,0.0,0.0,0.0,0.0,0.0,132.55436,891.52242,1296.77823,1468.52099,1513.70729,1217.7926,1515.61452,1520.90341,1487.62359,1312.93502,1070.97892
1283.02111,750.90577,85.77849,0.0,0.0,0.0,0.0,0.0,0.0,0.0,0.0,0.0,0.0,136.48386,883.92078,1341.4347,1428.178,1395.33408,1417.76215,1473.19109,1461.23276,1470.67513,1472.43766,1426.32322
1264.6597,738.87245,117.38912,30.26133,30.47977,30.437,30.49487,30.48097,30.24297,30.35183,30.35722,30.34286,30.47816,162.14538,893.11277,1402.05762,1499.87781,1518.40387,1523.74052,1510.52084,1511.90075,1488.46131,1500.48401,1462.36463
1331.22629,795.28686,130.61429,30.54891,30.78918,30.7686,30.75165,30.77088,30.75149,30.7589,30.42215,30.4198,30.52053,192.16678,976.45238,1442.86491,1375.98531,1140.23573,1140.02986,1250.47736,1152.82535,1113.59549,1121.2262,1054.1219
1106.71926,771.17306,101.674,0.0,0.0,0.0,0.0,0.0,0.0,0.0,0.0,0.0,0.0,151.73936,779.00731,1043.7424,1101.33035,1104.9523,877.56164,1031.24372,1082.89035,1103.69061,1095.5325,1108.34308
1239.23956,751.2174,99.94243,0.0,0.0,0.0,0.0,0.0,0.0,0.0,0.0,0.0,0.0,146.14728,867.56198,1251.37538,1194.40554,1093.20227,1117.98049,1102.14957,1068.3125,883.88629,936.97892,1131.03115
1208.93801,764.98328,105.07299,0.0,0.0,0.0,0.0,0.0,0.0,0.0,0.0,0.0,0.0,165.32672,851.87122,1203.23433,1245.14122,1097.83248,1005.68772,826.85067,756.85258,794.96465,1010.89904,1082.44284
1036.49504,735.81313,114.03949,0.0,0.0,0.0,0.0,0.0,0.0,0.0,0.0,0.0,0.0,173.80997,934.72885,1367.34846,1451.31354,1470.38788,1367.65572,1347.65467,1393.5733,1410.2257,1422.2162,1385.90834
1301.80543,844.92878,126.63561,0.0,0.0,0.0,0.0,0.0,0.0,0.0,0.0,0.0,0.0,183.85893,949.50973,1375.96252,1481.9944,1492.49041,1500.44293,1215.2846,1431.15503,1451.32258,1380.65686,1078.76282
1111.57487,817.88297,122.78723,0.0,0.0,0.0,0.0,0.0,0.0,0.0,0.0,0.0,0.0,182.92204,968.18117,1423.66979,1552.49856,1569.19996,1586.25617,1568.33898,1569.75063,1555.18009,1555.99845,1478.38711
1273.51623,805.48247,139.64879,6.44889,6.8371,6.98055,6.91662,6.89862,6.88884,6.91506,6.50488,6.30361,6.74973,201.65089,970.88053,1399.79397,1524.32229,1537.72303,1536.7718,1531.18562,1531.11763,1515.31123,1511.96792,1483.15064
1363.88016,877.1788,145.99532,0.0,0.0,0.0,0.0,0.0,0.0,0.0,0.0,0.0,0.0,199.32949,987.51019,1404.56807,1471.65312,1403.93113,1445.14885,1478.88546,1514.84506,1537.60844,1547.71578,1452.735
1304.34958,824.90491,130.99594,0.0,0.0,0.0,0.0,0.0,0.0,0.0,0.0,0.0,0.0,170.04153,878.97285,1374.3782,1474.00455,1505.92391,1523.05302,1489.78128,1476.96245,1480.67246,1509.82832,1482.60906
1332.97527,775.33576,131.87928,0.0,0.0,0.0,0.0,0.0,0.0,0.0,0.0,0.0,0.0,197.34673,984.43216,1441.42521,1520.72881,1558.39794,1554.11597,1566.35327,1563.25575,1555.86777,1540.37316,1527.37091
1397.35063,897.08034,163.98146,0.0,0.0,0.0,0.0,0.0,0.0,0.0,0.0,0.0,0.0,221.17291,1013.2789,1423.55222,1497.55562,1515.73534,1529.37284,1549.45074,1581.18929,1568.13055,1570.22036,1535.12559
1414.84825,916.26133,167.62069,0.0,0.0,0.0,0.0,0.0,0.0,0.0,0.0,0.0,0.0,192.26811,1008.62635,1399.90329,1417.5948,1474.44483,1545.90518,1542.74924,1540.31229,1527.79748,1529.56242,1493.49858
1395.64751,932.4544,172.78889,0.0,0.0,0.0,0.0,0.0,0.0,0.0,0.0,0.0,0.0,250.27006,1056.6652,1426.41841,1531.06295,1459.95034,1483.50028,1393.04095,1442.51223,1518.36798,1535.43272,1412.03185
1312.54978,803.59324,175.33727,0.0,0.0,0.0,0.0,0.0,0.0,0.0,0.0,0.0,0.0,190.23119,987.56918,1412.54635,1574.30408,1500.87326,1450.96092,1452.82585,1409.69303,1472.64623,1352.32529,915.97768
700.79518,443.97758,158.49127,0.0,0.0,0.0,0.0,0.0,0.0,0.0,0.0,0.0,0.0,207.61049,995.62014,1415.07984,1524.75929,1539.62564,1449.88271,1368.13507,1308.59976,1336.66439,1365.06348,1261.88038
944.35071,681.30003,165.39482,0.07643,0.0,0.0,0.0,0.0,0.0,0.0,0.0,0.0,0.72143,261.83451,1055.61519,1227.46562,1159.01052,1271.2931,1348.77815,1424.97662,1483.3623,1437.8977,1438.11592,1430.15255
1340.36028,933.13623,211.94621,0.0,0.0,0.0,0.0,0.0,0.0,0.0,0.0,0.0,0.91968,271.48359,1072.10949,1219.24755,1366.10529,1496.47535,1575.06605,1459.07657,1475.38659,1444.25498,1495.61344,1528.1793
1399.73656,945.78739,203.36939,0.34935,0.16157,0.33513,0.31842,0.31716,0.37477,0.37724,0.38048,0.0,0.94465,269.61179,1053.70959,1426.79288,1563.00503,1576.81616,1569.85982,1549.6957,1560.11393,1545.36163,1549.35464,1525.54311
1385.41353,962.4527,225.34693,0.0,0.0,0.0,0.0,0.0,0.0,0.0,0.0,0.0,0.0,278.97114,1086.19861,1486.30213,1575.01437,1607.18018,1621.57151,1598.93461,1601.91741,1569.7341,1565.26174,1521.9115
1438.76928,991.13522,218.30177,0.0,0.0,0.0,0.0,0.0,0.0,0.0,0.0,0.0,0.0,280.5253,1126.50017,1515.76885,1585.89933,1605.72641,1614.89868,1597.25886,1597.88007,1595.11444,1593.24431,1556.72365
1445.80775,1023.01743,235.60986,0.0,0.0,0.0,0.0,0.0,0.0,0.0,0.0,0.0,0.0,265.07501,1047.60234,1417.46222,1527.11524,1521.98878,1533.44743,1509.64042,1547.08154,1450.43774,1549.05312,1525.26434
1416.37982,986.06822,230.68945,0.42473,0.0,0.0,0.0,0.0,0.0,0.0,0.0,0.0,0.50542,186.93421,706.66442,1309.19148,1505.45934,1559.54313,1562.90103,1568.05918,1441.88601,1497.04153,1543.66274,1539.55765
1420.97493,979.82852,244.33431,0.03922,0.0,0.0,0.0,0.0,0.0,0.0,0.0,0.0,0.90421,267.45046,993.18624,1449.59824,1512.23734,1411.76493,1475.02204,1458.78488,1583.5435,1571.25063,1568.92283,1512.25421
1387.55437,964.5506,243.65265,16.77815,15.35314,15.56989,15.59673,15.46763,0.20398,0.0,0.0,0.0,0.74675,271.37215,1022.91946,1405.33009,1512.00531,1451.50782,1203.7347,1347.54981,1323.71426,1380.3823,1493.30708,1486.52065
1358.04645,943.49729,218.2696,0.0,0.0,0.0,0.0,0.0,0.0,0.0,0.0,0.0,0.0,266.879,931.54329,1356.44796,1484.22781,1506.48373,1497.94872,1394.28828,1502.12961,1485.46122,1448.24156,1376.28493
1196.76893,801.7156,212.24745,10.46079,0.0,0.0,0.0,0.0,0.0,0.0,0.0,0.0,0.0,256.85328,966.75127,1311.33471,1467.02893,1512.8546,1515.16467,1501.63383,1507.64244,1407.82536,1482.00717,1012.5305
1232.36728,934.71201,232.18284,0.19618,0.0,0.0,0.0,0.0,0.0,0.0,0.0,0.0,0.0,245.74815,959.04447,1323.46608,1436.66239,1530.84121,1530.45914,1531.47425,1564.29319,1465.55887,1519.36365,1349.37916
1233.60507,969.37973,275.98461,39.24191,37.50606,37.51684,37.50823,37.51967,37.51285,24.07293,0.0,0.0,1.05977,273.08337,991.62255,1334.24772,1451.49333,1521.11508,1518.85554,1529.72665,1561.25804,1538.39478,1555.25652,1511.26636
1393.40509,1029.83019,298.92149,18.03254,0.0,0.00676,0.0,0.0,0.02401,0.02913,0.0,0.0,1.69198,298.92726,912.61888,1158.12362,1140.43807,1380.98902,1577.37784,1571.89847,1564.18262,1551.69552,1492.8483,1471.14602
1265.23817,915.4309,288.27702,40.19826,0.0,0.0,0.0,0.0,0.0,0.0,0.0,0.0,2.3864,307.97631,938.9311,1430.44916,1466.40765,1387.72766,1544.99196,1470.68102,1539.72472,1560.78858,1496.19453,1472.96586
1405.72296,1046.50143,284.71729,2.96766,0.0,0.0,0.0,0.0,0.0,0.0,0.0,0.0,3.77622,259.25678,1064.87114,1378.733,1273.15856,998.51265,985.88054,1289.34922,1451.62541,1494.90105,1474.87733,1443.74311
1344.61154,981.37231,263.15785,3.43382,0.0,0.0,0.0,0.0,0.0,0.0,0.0,0.0,0.9406,289.33599,977.92863,1051.16912,1106.71045,1012.40221,1158.83457,1060.20891,1167.63757,1162.73776,1265.23807,1303.71383
1345.14002,904.53226,242.36083,1.40758,0.0,0.0,0.0,0.0,0.0,0.0,0.0,0.0,0.0,269.92366,969.38194,1107.60204,1269.93644,1302.65723,1361.58069,1408.43314,1382.44053,1288.99707,1138.03002,1012.24538
949.30492,863.73085,258.07592,0.79502,0.0,0.0,0.0,0.0,0.0,0.0,0.0,0.0,0.4194,297.20683,1004.39634,1479.20649,1498.77663,1318.25978,1326.978,1155.92518,1263.0496,1245.525,1464.49829,1462.354
1378.26266,1013.69593,280.52959,1.28425,0.0,0.0,0.0,0.0,0.0,0.0,0.0,0.0,0.0,289.6643,1014.41358,1304.1876,1382.27775,1496.55647,1518.22201,1515.85839,1523.88853,1504.76445,1574.85478,1558.29437
1446.33206,1069.62807,308.17852,1.13979,0.0,0.0,0.0,0.0,0.0,0.0,0.0,0.0,0.0,297.86694,1005.69215,1283.89543,1411.66658,1468.70029,1566.91072,1601.73721,1590.51918,1580.82889,1564.50295,1523.38117
1402.49985,1030.53708,311.26848,2.31036,0.0,0.0,0.0,0.0,0.0,0.0,0.0,0.0,0.0,307.21951,986.51659,1417.88002,1510.87829,1522.96889,1537.32932,1567.81676,1553.9931,1526.11446,1477.65631,1482.32019
1379.79224,986.50275,295.87098,0.84927,0.0,0.0,0.0,0.0,0.0,0.0,0.0,0.0,0.0,301.30772,1066.85663,1445.05101,1549.62357,1578.23052,1458.53428,1592.59974,1576.47466,1554.52511,1537.55387,1435.30319
1343.60392,999.45459,294.84621,0.97929,0.0,0.0,0.0,0.0,0.0,0.0,0.0,0.0,0.0,289.84835,1040.6875,1421.33422,1512.83127,1541.05398,1578.42102,1595.75627,1608.13589,1579.28388,1587.37612,1528.35886
1256.54804,965.06705,340.52994,35.99836,0.0,0.0,0.0,0.0,0.0,0.0,0.0,0.0,0.0,169.02806,658.66745,970.62991,1087.31331,1176.81148,1240.21068,1311.44797,1232.46436,1244.62877,1219.46659,1283.05256
1200.24391,936.5683,309.41043,57.73287,9.59316,0.0,0.0,0.0,0.0,0.0,0.0,0.0,0.0,157.09334,808.5573,1268.03742,1393.47176,1497.54887,1478.3369,1471.11185,1462.59555,1474.69442,1489.8655,1386.073
1242.47635,829.60432,283.03773,2.91205,0.0,0.0,0.0,0.0,0.0,0.0,0.0,0.0,0.0,192.04375,833.36041,1258.26295,1403.61824,1492.4468,1499.0385,1469.10679,1466.52325,1432.56416,1450.42455,1371.44517
1231.34618,874.83986,250.26416,13.94645,0.0,0.0,0.0,0.0,0.0,0.0,0.0,0.0,0.0,209.77192,842.19972,1189.73401,1298.75039,1403.9553,1394.6519,1393.09988,1370.79741,1363.0167,1352.44775,1315.87376
1223.15834,908.8078,314.83156,60.81341,0.0,0.0,0.0,0.0,0.0,0.0,0.0,0.0,0.0,237.98952,920.77724,1280.52818,1393.29949,1421.97891,1432.20222,1428.07697,1435.44596,1425.80425,1405.84667,1358.49771
1266.50452,980.85052,339.28798,6.42026,0.0,0.0,0.0,0.0,0.0,0.0,0.0,0.0,0.0,256.67896,997.03788,1349.41599,1418.53542,1441.52328,1423.40698,1427.61428,1424.53964,1413.69458,1394.58879,1362.25163
1256.07531,972.62718,337.23325,58.28982,0.39611,0.0,0.0,0.0,0.0,0.0,0.0,0.0,0.0,261.61307,965.27638,1329.73505,1433.96023,1473.0717,1485.71189,1476.05623,1482.69856,1459.8325,1467.54741,1419.18231
1331.05057,1044.80237,319.0694,2.57375,0.0,0.0,0.0,0.0,0.0,0.0,0.0,0.0,0.0,268.11789,995.9188,1378.26938,1484.09551,1506.83841,1508.64225,1477.91523,1485.16185,1459.57856,1459.76697,1406.70249
1311.143,1029.92274,320.45092,2.92005,0.0,0.0,0.0,0.0,0.0,0.0,0.0,0.0,0.0,258.35566,985.7169,1321.8339,1421.82238,1455.14723,1465.68446,1447.7199,1398.06537,1409.83273,1450.16503,1399.39712
1294.10717,1007.38869,312.80968,3.20499,0.0,0.0,0.0,0.0,0.0,0.0,0.0,0.0,0.0,260.11736,997.56937,1337.053,1437.29596,1491.36489,1490.21634,1478.48599,1493.45773,1463.82555,1471.5958,1413.71932
1299.48696,991.6865,311.92282,3.50998,0.0,0.0,0.0,0.0,0.0,0.0,0.0,0.0,0.0,244.2202,980.72833,1290.90464,1420.71481,1446.89978,1484.60074,1465.95469,1477.75963,1465.9615,1458.37024,1377.9814
1296.79816,979.25984,304.32959,2.51447,0.0,0.0,0.0,0.0,0.0,0.0,0.0,0.0,0.0,235.44512,946.14164,1299.58291,1411.4992,1448.88802,1446.67568,1443.97334,1437.57443,1437.38301,1417.86898,1375.44195
1298.82518,1005.91692,338.66067,2.90496,0.0,0.0,0.0,0.0,0.0,0.0,0.0,0.0,0.0,234.00446,943.15829,1294.30452,1424.59397,1502.55914,1493.7526,1506.98645,1511.8308,1506.14452,1471.7289,1401.25733
1229.84685,974.65418,320.81766,7.82096,0.0,0.0,0.0,0.0,0.0,0.0,0.0,0.0,0.0,206.95325,898.1042,1275.71604,1389.43751,1426.08998,1429.68143,1413.8542,1433.01708,1398.0957,1401.88517,1325.46809
1191.82075,841.57235,273.4654,6.44882,0.0,0.0,0.0,0.0,0.0,0.0,0.0,0.0,0.0,161.56347,839.45966,1248.3975,1367.41407,1419.40654,1437.34498,1409.68094,1437.86572,1394.34785,1405.80768,1357.30405
1261.31811,978.46551,302.97013,1.73871,0.0,0.0,0.0,0.0,0.0,0.0,0.0,0.0,0.0,192.7658,833.34255,1192.36213,1320.49547,1354.18634,1351.54903,1335.83081,1366.2166,1339.27962,1331.0589,1204.22495
1081.87751,846.37379,257.64048,2.44678,0.0,0.0,0.0,0.0,0.0,0.0,0.0,0.0,0.0,192.33611,860.21625,1247.96469,1367.92812,1377.14015,1321.15181,1412.72718,1409.26078,1430.45803,1436.40076,1370.95564
1262.081,953.36216,290.69786,2.72462,0.0,0.0,0.0,0.0,0.0,0.0,0.0,0.0,0.0,179.83406,786.09066,1132.25767,1224.08637,1309.51692,1375.024,1346.52589,1365.42022,1380.20991,1390.49713,1312.65398
1254.77428,878.80002,265.15655,1.76744,0.0,0.0,0.0,0.0,0.0,0.0,0.0,0.0,0.0,218.12116,932.2333,1329.48921,1444.72364,1480.2322,1478.52635,1467.16849,1455.806,1448.75865,1446.46431,1413.56515
1302.09732,999.33902,313.53454,2.91345,0.0,0.0,0.0,0.0,0.0,0.0,0.0,0.0,0.0,218.33451,941.43871,1353.96219,1460.84813,1544.67646,1535.5836,1546.94291,1534.46062,1524.67427,1513.39996,1473.80376
1355.35921,1006.8243,308.9093,2.24669,0.0,0.0,0.0,0.0,0.0,0.0,0.0,0.0,0.0,217.27328,963.29356,1390.31878,1514.37984,1547.74955,1558.03484,1530.11284,1546.64864,1515.91171,1532.53633,1474.79909
1364.49842,1036.45679,312.97474,1.74833,0.0,0.0,0.0,0.0,0.0,0.0,0.0,0.0,0.0,221.48351,989.09818,1394.99169,1497.35124,1533.78126,1537.48033,1510.44111,1529.92696,1501.82614,1513.37638,1454.13638
1367.21292,1036.58104,315.85654,1.42625,0.0,0.0,0.0,0.0,0.0,0.0,0.0,0.0,0.0,182.25575,902.78273,1618.70099,1755.21343,1516.51761,1519.2249,1482.87152,1504.05599,1474.23953,1472.86184,1400.97179
1274.86198,924.9963,273.76955,4.28486,0.0,0.0,0.0,0.0,0.0,0.0,0.0,0.0,0.0,135.13697,710.33172,1140.08717,1391.83766,1416.7307,1439.39939,1411.34297,1424.79673,1383.88056,1393.46889,1334.27131
1212.73611,898.20191,272.27099,19.00703,14.67795,14.85452,14.80822,14.89691,14.87953,0.0,0.0,0.0,0.0,165.66467,821.67247,1237.50362,1373.56404,1428.58228,1415.13558,1414.37725,1407.21893,1389.99992,1330.27963,1269.37515
893.98506,840.61911,258.16239,1.22034,0.0,0.0,0.0,0.0,0.0,0.0,0.0,0.0,0.0,114.94874,616.68334,1086.77661,1327.35536,1329.67792,1416.61805,1433.14261,1418.77482,1396.99979,1388.49288,1349.52196
1195.50794,897.88643,256.17222,4.48669,0.0,0.0,0.0,0.0,0.0,0.0,0.0,0.0,0.0,145.34984,797.26024,1250.0672,1381.7442,1438.1565,1427.34802,1440.71692,1429.48707,1421.71372,1399.42281,1339.94316
1206.16892,835.47143,220.80117,0.7987,0.0,0.0,0.0,0.0,0.0,0.0,0.0,0.0,0.0,124.00111,685.37513,1192.28871,1335.24086,1367.97133,1394.24438,1400.86522,1403.16983,1371.67267,1380.98287,1341.69807
1224.10766,888.55099,253.30349,2.07508,0.0,0.0,0.0,0.0,0.0,0.0,0.0,0.0,0.0,120.13698,713.28518,1185.92263,1326.37062,1380.64047,1394.52584,1389.18115,1403.67944,1364.22921,1367.50586,1560.2807
1384.5915,770.37995,214.84197,3.23175,0.0,0.0,0.0,0.0,0.0,0.0,0.0,0.0,0.0,143.40563,830.81397,1315.07922,1406.27512,1426.11993,1449.75621,1434.87652,1445.0401,1418.55981,1425.08552,1360.30599
1251.39138,936.20208,263.6612,2.23875,0.0,0.0,0.0,0.0,0.0,0.0,0.0,0.0,0.0,147.00795,843.80622,1336.52074,1487.76285,1532.31552,1536.40373,1517.78498,1521.51332,1491.75204,1515.09287,1448.05156
1316.30127,950.15609,261.78115,0.71624,0.0,0.0,0.0,0.0,0.0,0.0,0.0,0.0,0.0,143.88081,843.37695,1318.77845,1469.86601,1519.77326,1512.14243,1497.78329,1492.61655,1471.05555,1452.67971,1392.9895
1262.01424,884.38161,231.82341,0.0,0.0,0.0,0.0,0.0,0.0,0.0,0.0,0.0,0.0,120.13954,726.74891,1192.0877,1342.32838,1383.92201,1318.59614,1159.26854,1107.76892,1011.12079,809.97185,739.96029
663.63595,458.666,121.13335,0.0,0.0,0.0,0.0,0.0,0.0,0.0,0.0,0.0,0.0,68.84266,384.59445,867.09477,1247.07088,1312.75024,1381.12759,1407.7178,1444.27015,1424.18985,1423.44292,1384.88321
1201.53158,845.80593,224.1603,0.0,0.0,0.0,0.0,0.0,0.0,0.0,0.0,0.0,0.0,121.86432,766.7841,1237.4741,1421.53734,1495.96313,1500.05919,1492.7973,1502.00854,1448.03598,1483.45493,1450.43835
1329.05604,982.36166,251.22803,0.0,0.0,0.0,0.0,0.0,0.0,0.0,0.0,0.0,0.0,134.80837,842.43236,1331.80385,1479.47595,1521.95511,1479.09295,1499.31053,1498.3792,1482.84666,1453.96104,1447.08171
1331.4791,955.34523,243.72223,0.0,0.0,0.0,0.0,0.0,0.0,0.0,0.0,0.0,0.0,120.53369,789.31171,1266.95108,1435.19535,1494.90116,1512.09963,1479.33757,1502.27404,1475.26761,1486.52371,1380.52229
1076.41936,688.85141,196.5341,0.0,0.0,0.0,0.0,0.0,0.0,0.0,0.0,0.0,0.0,106.9745,747.4214,1261.9605,1440.66348,1494.33431,1499.81761,1441.40474,1478.1009,1452.30154,1466.85498,1418.38336
1301.5085,926.93707,232.9343,0.0,0.0,0.0,0.0,0.0,0.0,0.0,0.0,0.0,0.0,96.05236,673.347,1231.0748,1415.69892,1475.50838,1480.66851,1472.92322,1466.37394,1452.47659,1431.24001,1355.2652
1175.7477,781.46916,212.5928,0.0,0.0,0.0,0.0,0.0,0.0,0.0,0.0,0.0,0.0,59.80875,619.67405,1048.78034,1337.82725,1399.84252,1419.95265,1387.20811,1382.54041,1346.38727,1291.88154,1255.2248
1011.42779,603.52805,145.26055,0.0,0.0,0.0,0.0,0.0,0.0,0.0,0.0,0.0,0.0,37.18464,240.31418,528.90353,656.80734,903.50285,1187.55043,1363.08595,1401.21232,1405.6818,1293.24977,1171.15219
942.15126,571.34135,122.93606,0.0,0.0,0.0,0.0,0.0,0.0,0.0,0.0,0.0,0.0,91.07179,652.95861,1201.91573,1375.12535,1438.32864,1486.79444,1508.24382,1510.43515,1481.80288,1479.34649,1414.54791
1283.83548,869.45111,181.96368,0.0,0.0,0.0,0.0,0.0,0.0,0.0,0.0,0.0,0.0,99.5024,526.01224,902.1586,1258.32754,1410.76732,1454.67032,1339.37181,1458.7015,1394.91819,1348.9323,1043.44501
1106.60753,659.92292,111.9413,0.0,0.0,0.0,0.0,0.0,0.0,0.0,0.0,0.0,0.0,64.04001,535.49878,1070.2105,1365.35571,1391.33114,1442.03314,1428.44716,1445.79395,1412.13412,1412.02223,961.80734
1006.46973,751.04467,146.55174,0.0,0.0,0.0,0.0,0.0,0.0,0.0,0.0,0.0,0.0,49.2882,538.63287,1087.90971,1273.83241,1325.03401,1427.74342,1416.78703,1341.33424,1030.89869,1151.05625,1015.43805
960.18726,601.68276,148.48087,0.0,0.0,0.0,0.0,0.0,0.0,0.0,0.0,0.0,0.0,40.11471,480.24944,982.7404,1301.99639,1406.78608,1415.30926,1443.03088,1435.85423,1408.04718,1391.15643,1357.3387
1223.121,806.21114,162.90299,0.0,0.0,0.0,0.0,0.0,0.0,0.0,0.0,0.0,0.0,82.09664,724.23347,1002.63101,1258.56232,1427.1098,1390.79366,1432.29786,1461.32759,1467.64759,1444.17373,1406.95197
1285.83056,883.88101,179.42987,0.0,0.0,0.0,0.0,0.0,0.0,0.0,0.0,0.0,0.0,93.82669,774.46116,1343.31964,1484.90095,1525.49946,1511.77066,1496.62552,1505.12775,1504.96437,1471.07604,1458.98253
1308.87975,899.1248,165.10525,0.0,0.0,0.0,0.0,0.0,0.0,0.0,0.0,0.0,0.0,81.4859,747.61132,1280.9354,1424.31262,1510.18507,1509.3236,1500.39948,1506.28982,1482.14041,1484.93404,1428.47961
1284.64162,856.57364,165.00639,0.0,0.0,0.0,0.0,0.0,0.0,0.0,0.0,0.0,0.0,76.63338,729.11584,1290.98913,1416.12909,1500.4194,1510.25949,1488.49419,1494.70654,1474.72438,1484.92626,1437.61344
1310.01382,858.57075,156.77398,0.0,0.0,0.0,0.0,0.0,0.0,0.0,0.0,0.0,0.0,76.49827,751.20287,1281.22637,1405.28911,1448.15573,1445.06558,1427.55332,1428.94339,1479.71255,1507.52165,1454.4943
1324.62589,862.85194,150.10588,0.0,0.0,0.0,0.0,0.0,0.0,0.0,0.0,0.0,0.0,64.87824,636.448,1167.21852,1376.57639,1416.6889,1383.26151,1412.18528,1412.10091,1426.75298,1417.89396,1295.11917
1034.16877,526.45096,66.25598,0.0,0.0,0.0,0.0,0.0,0.0,0.0,0.0,0.0,0.0,18.54326,242.23716,647.77804,985.65831,1188.64373,1268.3271,1292.24564,1303.60683,1299.18065,1253.19514,1132.99603
860.71765,463.75969,72.23481,0.0,0.0,0.0,0.0,0.0,0.0,0.0,0.0,0.0,0.0,29.47788,406.5779,863.715,1153.3743,1263.79246,1292.37537,1245.37691,1262.68284,1265.09498,1279.06708,1219.48735
1053.8166,631.9834,99.89133,0.0,0.0,0.0,0.0,0.0,0.0,0.0,0.0,0.0,0.0,40.70837,570.51421,1133.42164,1322.17746,1376.27557,1368.16688,1364.6367,1371.58716,855.39663,1385.9076,1372.17778
1253.49189,763.67104,111.49963,0.0,0.0,0.0,0.0,0.0,0.0,0.0,0.0,0.0,0.0,41.50508,570.64097,1133.13611,1326.96332,1455.42653,1482.3706,1446.8484,1460.77443,1431.6794,1436.41366,1377.68631
1220.54476,714.60116,113.70059,15.47136,15.9932,16.08535,16.10665,16.10952,16.10284,16.07843,16.06756,16.10905,15.62889,59.05224,573.75763,1139.90743,1354.55767,1452.72075,1468.23943,1434.23658,1397.52334,1326.76778,1286.0889,1195.47212
869.72217,474.51676,59.95855,0.0,0.0,0.0,0.0,0.0,0.0,0.0,0.0,0.0,0.0,22.24998,368.81367,981.19254,1257.29249,1342.46061,1320.53181,1305.5377,1314.42981,1331.73665,1333.77528,1253.38611
1073.75191,607.70797,146.63899,0.0,0.0,0.0,0.0,0.0,0.0,0.0,0.0,0.0,0.0,21.61186,390.64242,934.57657,1225.07299,1333.85224,1342.33696,1334.26293,1373.78567,1370.35953,1301.65769,1229.6085
1024.23767,528.66066,120.09894,0.0,0.0,0.0,0.0,0.0,0.0,0.0,0.0,0.0,0.0,16.72183,359.91202,845.8361,1100.31972,1170.786,1184.71804,1177.92239,1178.88702,1168.03403,1153.58516,1080.66115
882.3748,428.94285,48.22808,0.0,0.0,0.0,0.0,0.0,0.0,0.0,0.0,0.0,0.0,15.11699,321.57284,806.00707,1062.6116,1292.26573,1330.60655,1317.27785,1310.96109,1303.83507,1258.56451,1090.57777
770.24618,364.33228,118.07076,58.10574,0.0,0.0,0.0,0.0,0.0,0.0,0.0,0.0,0.0,7.86018,172.35635,509.21527,766.10076,1011.20423,1142.84386,1202.30401,1227.97645,1215.76587,1170.31094,1079.48468
912.92539,555.11251,163.08901,0.0,0.0,0.0,0.0,0.0,0.0,0.0,0.0,0.0,0.0,22.53511,470.81276,1122.82192,1313.37292,1402.71805,1446.17303,1423.04173,1426.6159,1393.65877,1426.76874,1396.27954
1257.08621,782.19219,200.35426,0.0,0.0,0.0,0.0,0.0,0.0,0.0,0.0,0.0,0.0,21.05692,392.66796,958.68229,1290.33236,1360.68884,1392.48523,1351.90033,1357.39696,1303.35744,1205.4278,995.52084
721.18107,367.46257,73.98795,0.0,0.0,0.0,0.0,0.0,0.0,0.0,0.0,0.0,0.0,7.01021,128.16185,402.21759,653.32042,820.05873,968.51666,1025.98768,1011.95,952.78848,903.66328,765.86988
574.63892,268.51883,29.72586,0.0,0.0,0.0,0.0,0.0,0.0,0.0,0.0,0.0,0.0,8.85622,168.58312,529.72414,814.88401,986.91674,1059.26325,1078.56492,1088.66886,1057.32457,990.29924,798.53108
576.60991,230.9648,21.53659,0.0,0.0,0.0,0.0,0.0,0.0,0.0,0.0,0.0,0.0,8.90692,238.0287,704.68221,987.29915,1116.94805,1142.23593,1142.21176,1178.02011,1173.0936,1165.71458,1088.36352
848.84007,393.17944,41.11225,0.0,0.0,0.0,0.0,0.0,0.0,0.0,0.0,0.0,0.0,13.67354,337.12705,1020.74404,1240.08398,1291.27987,1318.42168,1326.02854,1329.53387,1373.23897,1358.73074,1278.63448
1044.50722,469.52326,33.36338,0.0,0.0,0.0,0.0,0.0,0.0,0.0,0.0,0.0,0.0,11.95664,346.63016,977.79866,1261.95999,1337.62673,1347.57229,1361.28285,1356.70722,1364.96429,1366.27208,1290.60561
1026.23122,442.23248,34.04065,0.0,0.1814,0.34307,0.29759,0.31391,0.28463,0.26397,0.24451,0.26639,0.33762,15.79942,376.72284,1005.28427,1264.97907,1349.32571,1347.07203,1323.54758,1338.69768,1322.53091,1321.25077,1245.86956
1026.62662,445.34799,24.67927,0.0,0.0,0.0,0.0,0.0,0.0,0.0,0.0,0.0,0.0,11.60363,407.86673,1085.71847,1331.76428,1398.96602,1400.23143,1370.55418,1377.65865,1358.22816,1362.86691,1293.00965
1068.47384,460.95749,24.91689,0.0,0.0,0.0,0.0,0.0,0.0,0.0,0.0,0.0,0.0,13.55828,465.40629,1159.04023,1371.54078,1418.364,1411.80684,1403.93288,1399.25006,1381.02082,1401.72736,1348.55491
1142.86131,498.13259,23.34689,0.0,0.0,0.0,0.0,0.0,0.0,0.0,0.0,0.0,0.0,11.54749,459.26639,1131.10286,1338.06054,1386.27482,1391.21556,1368.66517,1376.0055,1354.9356,1363.49718,1273.63209
1023.88682,499.69357,62.13945,6.29557,6.5175,6.59345,6.60737,6.61197,6.56998,6.58065,6.56621,6.55983,6.52262,14.66072,265.79473,786.37919,1081.48026,1199.03029,1224.41801,1225.30348,1240.86885,1249.09361,1212.24666,1108.33806
835.91117,302.62825,14.2737,0.0,0.0,0.0,0.0,0.0,0.0,0.0,0.0,0.0,0.0,4.17634,296.58784,897.02482,1181.85046,1263.2622,1281.5245,1278.96543,1269.23484,1282.65117,1263.07222,1188.09656
939.09433,359.51908,19.61893,4.06987,4.29973,4.34495,4.33727,4.34924,4.35585,4.37145,4.39611,4.33512,4.3042,13.20907,352.97733,979.90372,1223.74793,1274.96247,1272.22809,1274.49648,1270.94185,1269.75667,1260.65386,1205.48682
966.11165,355.10846,20.01355,0.0,0.0,0.0,0.0,0.32996,0.0,0.0,0.0,0.0,0.0,7.88025,444.76266,1030.16223,1217.43371,1242.07991,1225.3984,1194.68363,1264.71558,1320.93362,1347.38519,1297.13169
1093.82705,445.30982,15.78714,0.0,0.0,0.0,0.0,0.0,0.0,0.0,0.0,0.0,0.0,8.09988,490.85781,1230.96494,1429.04254,1449.57494,1431.03447,1395.50419,1399.79984,1397.59132,1415.39166,1373.07997
1153.58734,451.94776,10.57095,0.0,0.0,0.0,0.0,0.0,0.0,0.0,0.0,0.0,0.0,7.68536,442.15767,1189.3231,1436.29315,1471.89507,1452.24285,1416.98043,1417.9214,1404.91026,1397.8917,1283.2289
1068.9958,378.00488,8.00973,0.0,0.0,0.0,0.0,0.0,0.0,0.0,0.0,0.0,0.0,5.077,406.74322,1086.27236,1309.51391,1352.68832,1382.64319,1360.297,1392.92629,1389.24933,1397.13095,1324.62266
1043.93793,355.59724,5.47573,0.0,0.0,0.0,0.0,0.0,0.0,0.0,0.0,0.0,0.0,3.94813,390.87359,1101.00941,1353.20674,1359.49947,1392.3834,1376.16312,1373.18279,1384.50944,1381.81781,1335.68014
1099.98015,343.07602,4.27523,0.0,0.0,0.0,0.0,0.0,0.0,0.0,0.0,0.0,0.0,3.1081,353.42742,1007.53702,1219.89804,1261.11282,1309.59121,1371.23111,1365.4493,1377.13255,1382.18247,1312.70809
1026.58478,318.72029,30.84192,24.23369,23.46348,0.0,0.0,0.0,0.0,0.0,0.0,0.0,0.0,2.3409,325.92522,992.80442,1254.46366,1299.49694,1297.71582,1285.66286,1323.16904,1334.94215,1330.21162,1281.65682
1026.95387,389.996,108.46845,105.31428,105.49236,3.01055,0.0,0.0,0.0,0.0,0.0,0.0,0.0,1.64331,359.10236,1078.30723,1314.12553,1352.96483,1348.19987,1326.0848,1337.83705,1333.8887,1340.09734,1225.88302
958.28017,279.37385,0.0,0.0,0.0,0.0,0.0,0.0,0.0,0.0,0.0,0.0,0.0,1.63301,329.86744,1011.59655,1262.90749,1324.39375,1345.79484,1333.49967,1347.14455,1327.04151,1335.89755,1214.80132
936.40705,263.61151,0.0,0.0,0.0,0.0,0.0,0.0,0.0,0.0,0.0,0.0,0.0,0.74789,280.8475,885.85884,1080.34806,1142.49556,1124.64499,1138.14524,1190.70502,1112.55224,1160.85604,893.86927
657.45144,135.09285,0.0,0.0,0.0,0.0,0.0,0.0,0.0,0.0,0.0,0.0,0.0,0.0,244.28598,968.51736,1188.20525,1254.19203,1259.91389,1216.96393,1227.32005,1240.46364,1254.48415,1214.98384
930.75981,255.93486,0.0,0.0,0.0,0.0,0.0,0.0,0.0,0.0,0.0,0.0,0.0,0.1673,337.99404,1026.67767,1265.83154,1311.00837,1292.82191,1281.60408,1284.2297,1297.3647,1298.5105,1249.07875
965.25051,291.95649,0.0,0.0,0.0,0.0,0.0,0.0,0.0,0.0,0.0,0.0,0.0,0.26915,326.26495,1043.73419,1280.89144,1303.74725,1286.10965,1255.37183,1256.43121,1267.30984,1273.80227,1235.11896
966.60571,270.81096,1.09348,0.0,0.0,0.0,0.0,0.0,0.0,0.0,0.0,0.0,0.0,0.0,308.56093,989.72633,1257.02387,1297.51231,1271.17457,1252.23915,1255.89896,1265.12816,1266.92188,1203.52124
872.88536,201.85741,0.0,0.0,0.0,0.0,0.0,0.0,0.0,0.0,0.0,0.0,0.0,0.0,293.66343,1000.90645,1258.69921,1292.69541,1278.07779,1309.3265,1314.32593,1305.7022,1315.87036,1218.96242
897.38532,167.43872,0.0,0.0,0.0,0.0,0.0,0.0,0.0,0.0,0.0,0.0,0.0,0.0,161.76404,676.60591,981.98916,1088.15669,1089.43785,1064.40258,1073.0795,1049.8405,1056.55685,933.58706
623.24876,184.87784,48.25766,0.0,0.0,0.0,0.0,0.0,0.0,0.0,0.0,0.0,0.0,0.0,212.94559,807.45936,1069.33252,1125.9024,1108.43632,1074.76352,1083.89933,1073.40389,1073.78409,1003.00292
686.07213,140.59281,0.0,0.0,0.0,0.0,0.0,0.0,0.0,0.0,0.0,0.0,0.0,0.0,204.03611,777.59451,1041.07885,1051.26705,1076.25854,1055.62556,1064.11005,1053.26672,1065.26674,991.13413
654.70662,123.82628,0.0,0.0,0.0,0.0,0.0,0.0,0.0,0.0,0.0,0.0,0.0,0.0,184.69277,776.77021,1071.50595,1122.53361,1106.45861,1088.06008,1079.10428,1083.27345,1084.87385,1023.33857
698.49036,129.00635,0.0,0.0,0.0,0.0,0.0,0.0,0.0,0.0,0.0,0.0,0.0,0.0,193.96849,755.21274,1036.24825,1058.41308,1065.3,1051.79739,1041.3428,1069.42039,1015.68464,973.32363
668.1529,126.78711,0.0,0.0,0.0,0.0,0.0,0.0,0.0,0.0,0.0,0.0,0.0,0.0,211.97352,809.9218,1019.72176,1031.92321,1060.87496,1019.79687,914.29236,1041.97372,1051.90437,961.75944
597.79864,94.88013,0.0,0.0,0.0,0.0,0.0,0.0,0.0,0.0,0.0,0.0,0.0,0.0,108.14495,543.98577,838.30761,944.04911,979.06707,966.97359,952.74817,915.48343,905.64015,803.18684
479.76217,71.97455,0.0,0.0,0.0,0.0,0.0,0.0,0.0,0.0,0.0,0.0,0.0,0.0,158.20282,702.85384,1053.9962,1184.50068,1160.49567,1119.46241,1090.26014,1118.64717,1120.06443,976.95962
537.15434,72.34941,0.0,0.0,0.0,0.0,0.0,0.0,0.0,0.0,0.0,0.0,0.0,0.0,214.99096,957.17348,1280.35863,1328.96817,1310.06957,1270.72604,1261.78824,1219.37738,1206.73503,1150.21134
687.97316,94.89445,0.0,0.0,0.0,0.0,0.0,0.0,0.0,0.0,0.0,0.0,0.0,0.0,112.85424,573.12592,910.76502,1051.31826,1092.48073,1088.64665,1103.67587,1089.97238,1016.96743,844.90216
449.23329,38.65324,0.0,0.0,0.0,0.0,0.0,0.0,0.0,0.0,0.0,0.0,0.0,0.0,94.76236,517.67202,872.49106,980.50319,946.38482,1022.96436,1070.7733,1047.97968,973.65485,735.33691
336.95185,37.86011,0.0,0.0,0.0,0.0,0.0,0.0,0.0,0.0,0.0,0.0,0.0,0.0,99.61246,498.68968,830.19868,974.41829,1057.89508,1080.3754,1055.29131,1027.89932,925.07104,746.19592
362.49127,44.22297,0.0,0.0,0.0,0.0,0.0,0.0,0.0,0.0,0.0,0.0,0.0,0.0,112.06641,608.76,991.3412,1217.6593,1214.59888,1198.41862,1168.76179,1216.34687,1224.16561,1118.25669
638.33194,58.00138,0.0,0.0,0.0,0.0,0.0,0.0,0.0,0.0,0.0,0.0,0.0,0.0,154.82915,623.38575,977.17035,957.7164,917.50826,838.83345,911.25285,1218.21352,1193.97962,1190.33334
664.48672,52.62765,0.0,0.0,0.0,0.0,0.0,0.0,0.0,0.0,0.0,0.0,0.0,0.0,220.40746,974.7676,1311.92007,1299.27869,1302.91888,1241.26893,1179.61238,1175.97219,1304.43884,1217.49688
689.5727,65.6291,0.0,0.0,0.0,0.0,0.0,0.0,0.0,0.0,0.0,0.0,0.0,0.0,180.03776,918.59119,1261.30208,1274.19248,1246.69554,1220.84697,1237.44873,1249.92391,1267.61104,1148.76535
607.67668,48.52051,0.0,0.0,0.0,0.0,0.0,0.0,0.0,0.0,0.0,0.0,0.0,0.0,148.40056,829.33977,1205.11801,1234.13538,1229.44411,1196.44292,1215.41556,1212.96462,1233.2329,1102.58595
552.75232,38.1881,0.0,0.0,0.0,0.0,0.0,0.0,0.0,0.0,0.0,0.0,0.0,0.0,131.44961,803.23379,1062.22404,1183.66522,1204.77866,1178.46678,1178.45677,1198.05071,1193.22787,1052.71713
499.09515,29.76159,0.0,0.0,0.0,0.0,0.0,0.0,0.0,0.0,0.0,0.0,0.0,0.0,58.74601,419.38446,651.70019,902.89342,1032.85229,1044.10124,1043.92708,1028.99813,961.2037,749.03938
329.52168,27.81326,0.0,0.0,0.0,0.0,0.0,0.0,0.0,0.0,0.0,0.0,0.0,0.0,47.11042,452.85107,854.66979,992.8369,1037.7561,1031.86398,1001.19244,947.22365,853.45395,654.08186
283.19489,21.38686,0.0,0.0,0.0,0.0,0.0,0.0,0.0,0.0,0.0,0.0,0.0,0.0,83.43921,651.11872,1018.52396,1114.37104,1109.62746,1079.854,1096.51953,1086.38249,988.35583,745.38666
310.93404,6.49281,0.0,0.0,0.0,0.0,0.0,0.0,0.0,0.0,0.0,0.0,0.0,0.0,108.31883,495.68459,833.92876,866.74051,1106.37844,681.88209,816.4334,936.02141,858.54736,788.03113
299.38691,4.24404,0.0,0.0,0.0,0.0,0.0,0.0,0.0,0.0,0.0,0.0,0.0,0.0,62.60214,327.32422,816.71138,1074.93374,1034.71906,1045.64596,1010.86137,1027.54704,1081.02524,942.82417
318.91514,0.0,0.0,0.0,0.0,0.0,0.0,0.0,0.0,0.0,0.0,0.0,0.0,0.0,40.01723,571.15625,978.36221,1105.71881,1209.79376,1253.69807,1280.79436,1012.94805,1321.50259,1193.27075
546.1323,15.95982,0.0,0.0,0.0,0.0,0.0,0.0,0.0,0.0,0.0,0.0,0.0,0.0,146.00996,652.37135,681.14491,680.97257,785.21378,864.24754,915.93988,705.57543,786.65535,964.06732
542.14332,19.34716,0.0,0.0,0.0,0.0,0.0,0.0,0.0,0.0,0.0,0.0,0.0,0.0,128.74872,456.52883,539.82395,655.38631,676.00553,633.45311,708.09357,753.54456,845.8375,870.33007
499.70722,15.91956,0.0,0.0,0.0,0.0,0.0,0.0,0.0,0.0,0.0,0.0,0.0,0.0,113.76021,456.73962,463.56512,553.94758,499.48161,546.12796,723.10184,1048.39608,956.20315,843.12789
319.15243,10.49958,0.0,0.0,0.0,0.0,0.0,0.0,0.0,0.0,0.0,0.0,0.0,0.0,127.80997,821.31299,796.51004,597.72351,579.48594,515.76587,497.4009,559.83329,539.5421,515.3758
366.27848,0.0,0.0,0.0,0.0,0.0,0.0,0.0,0.0,0.0,0.0,0.0,0.0,0.0,106.48744,632.73425,833.47855,782.58852,770.32987,650.83114,718.9427,691.28487,713.52275,654.48518
392.66427,8.67013,0.0,0.0,0.0,0.0,0.0,0.0,0.0,0.0,0.0,0.0,0.0,0.0,101.39242,663.98601,966.79855,1102.6952,950.11795,905.06779,848.1451,946.24244,860.69371,764.5112
366.09267,0.0,0.0,0.0,0.0,0.0,0.0,0.0,0.0,0.0,0.0,0.0,0.0,0.0,101.81029,729.43812,992.52996,807.3574,772.98192,759.21575,863.3194,1037.87939,965.78821,969.35544
432.94277,39.14109,0.0,0.0,0.0,0.0,0.0,0.0,0.0,0.0,0.0,0.0,0.0,0.0,79.61488,672.59689,781.26433,772.18142,783.5335,792.79394,904.65926,1204.49398,1220.5217,1061.16464
383.07265,4.20966,0.0,0.0,0.0,0.0,0.0,0.0,0.0,0.0,0.0,0.0,0.0,0.0,62.55572,277.63145,523.68606,943.2848,816.74913,862.36572,935.20954,803.40855,851.69464,832.90983
286.8472,5.33352,0.0,0.0,0.0,0.0,0.0,0.0,0.0,0.0,0.0,0.0,0.0,0.0,91.06084,774.69601,1241.5712,1248.20455,1075.48599,1076.6963,1078.85526,1081.92867,995.25341,860.3438
299.57574,0.0,0.0,0.0,0.0,0.0,0.0,0.0,0.0,0.0,0.0,0.0,0.0,0.0,87.27166,765.22719,1021.03346,1141.82663,966.64832,843.63082,864.60832,833.13621,843.81493,734.07634
201.35952,0.0,0.0,0.0,0.0,0.0,0.0,0.0,0.0,0.0,0.0,0.0,0.0,0.0,36.01214,292.23335,635.3485,671.95182,738.98524,697.75463,789.3277,756.45601,598.33288,422.14036
88.72686,0.0,0.0,0.0,0.0,0.0,0.0,0.0,0.0,0.0,0.0,0.0,0.0,0.0,33.52817,351.5367,784.20755,937.50662,957.42924,973.54398,938.10386,671.65224,569.00858,604.42079
157.771,0.0,0.0,0.0,0.0,0.0,0.0,0.0,0.0,0.0,0.0,0.0,0.0,0.0,34.58484,279.99024,420.97684,489.93374,391.64828,484.45871,549.75306,535.07396,331.17783,122.26469
67.37109,0.0,0.0,0.0,0.0,0.0,0.0,0.0,0.0,0.0,0.0,0.0,0.0,0.0,33.16144,628.3318,1035.91402,863.92145,623.9382,624.47423,607.85635,610.86776,543.49664,226.65435
40.21331,0.0,0.0,0.0,0.0,0.0,0.0,0.0,0.0,0.0,0.0,0.0,0.0,0.0,0.99894,57.94156,146.11253,190.98037,259.97472,388.66181,290.0838,259.55008,274.01139,201.48608
84.96672,0.0,0.0,0.0,0.0,0.0,0.0,0.0,0.0,0.0,0.0,0.0,0.0,0.0,0.0,15.35083,81.9425,342.22771,717.5187,758.76145,979.49482,857.95803,931.64581,911.82162
226.365,0.0,0.0,0.0,0.0,0.0,0.0,0.0,0.0,0.0,0.0,0.0,0.0,0.0,45.12826,579.37923,1035.04286,822.62325,716.29533,714.79236,670.47736,703.18187,714.516,783.72804
210.88226,0.0,0.0,0.0,0.0,0.0,0.0,0.0,0.0,0.0,0.0,0.0,0.0,0.0,40.451,640.23876,1102.5024,1144.55615,1123.18147,1107.24431,1064.78001,1088.26228,1095.94996,868.15151
202.92954,0.0,0.0,0.0,0.0,0.0,0.0,0.0,0.0,0.0,0.0,0.0,0.0,0.0,29.66262,577.35822,1105.53561,1188.33015,1156.39007,1120.89686,1107.68617,1015.36808,1088.0682,842.04996
177.18552,0.0,0.0,0.0,0.0,0.0,0.0,0.0,0.0,0.0,0.0,0.0,0.0,0.0,20.01169,364.44716,808.91223,1007.35785,1066.58629,1019.904,1065.03432,1095.10993,1061.87934,751.04367
171.58157,0.0,0.0,0.0,0.0,0.0,0.0,0.0,0.0,0.0,0.0,0.0,0.0,0.0,18.01542,361.70469,827.22138,950.29813,933.44221,890.90736,896.54454,942.16537,773.62681,349.67479
105.10711,4.86151,4.51464,4.68649,4.60578,4.58068,4.6792,4.65544,4.68609,4.64396,4.63099,0.0,0.0,0.0,9.52226,288.0993,842.22238,868.82981,945.30961,963.77476,1041.26527,1001.02027,834.03119,628.9816
77.9152,8.61064,8.59939,8.67867,8.69402,8.67301,8.72229,8.74229,8.67941,8.67066,8.65819,8.79171,0.0,0.0,12.29374,250.14317,535.31925,568.60228,679.01663,694.55792,535.93446,406.1688,304.57034,230.52194
73.50071,0.0,0.0,0.0,0.0,0.0,0.0,0.0,0.0,0.0,0.0,0.0,0.0,0.0,15.58482,450.6647,1030.32753,1130.98986,1080.59575,1019.78938,1082.31835,1128.90333,1056.84785,743.16864
167.22828,0.0,0.0,0.0,0.0,0.0,0.0,0.0,0.0,0.0,0.0,0.0,0.0,0.0,13.55435,401.54907,960.64795,1070.20627,1117.36109,1151.46351,1168.83475,1210.46452,1199.18894,859.76537
172.17495,0.0,0.0,0.0,0.0,0.0,0.0,0.0,0.0,0.0,0.0,0.0,0.0,0.0,10.523,338.66218,716.809,685.28078,849.68733,883.79784,840.83588,993.73214,921.49157,604.32495
124.8337,0.0,0.0,0.0,0.0,0.0,0.0,0.0,0.0,0.0,0.0,0.0,0.0,0.0,14.96938,457.11626,1092.54834,1240.21264,1198.29642,1156.07061,1158.29249,1207.66789,1176.78884,684.60746
90.81731,0.0,0.0,0.0,0.0,0.0,0.0,0.0,0.0,0.0,0.0,0.0,0.0,0.0,15.71842,399.02815,970.75455,1175.64564,1140.98331,1089.88836,1100.23555,1151.4359,1045.9269,691.10088
106.45078,0.0,0.0,0.08528,0.0,0.00327,0.0,0.0,3.0,0.0,0.21062,0.01219,0.05919,0.00892,10.06035,307.68906,874.05506,1000.74053,1047.70665,1101.54862,1112.77976,826.06438,614.49291,349.74187
65.08754,0.0,0.0,0.09415,0.09733,0.09172,0.03634,0.00906,0.05115,0.01254,0.0,0.04819,0.35754,0.24565,17.48849,419.72251,952.56988,1105.36417,1194.28092,1122.94033,1158.30143,1156.28805,827.41396,247.05201
42.63057,10.02899,6.31999,0.0,0.0,0.0,0.0,0.0,0.0,0.0,0.0,0.0,0.0,0.0,0.0,92.10971,195.25578,218.51855,360.03551,733.6186,944.65305,902.64521,932.59095,606.61446
83.83356,0.0,0.0,0.0,0.0,0.0,0.0,0.0,0.0,0.0,0.0,0.0,0.0,0.0,1.94129,103.78905,363.43335,558.80992,773.57315,830.96045,966.35855,1086.74566,1160.46837,806.69732
117.04613,0.0,0.0,0.0,0.0,0.0,0.0,0.0,0.0,0.0,0.0,0.0,0.0,0.0,2.13318,265.50195,724.31946,851.22658,916.076,957.15411,1047.47872,1169.42953,1169.16571,768.65702
106.93836,0.0,0.0,0.0,0.0,0.0,0.0,0.0,0.0,0.0,0.0,0.0,0.0,0.0,1.91321,212.90675,670.06434,1009.23775,1065.02401,1092.54492,1125.04196,1177.47222,1144.26093,726.02273
96.82784,0.0,0.0,0.0,0.0,0.0,0.0,0.0,0.0,0.0,0.0,0.0,0.0,0.0,0.0,94.62814,262.21416,367.88006,473.36597,590.54866,676.99428,842.56613,1039.4893,695.54711
94.04539,0.0,0.0,0.0,0.0,0.0,0.0,0.0,0.0,0.0,0.0,0.0,0.0,0.0,0.0,76.97955,208.7219,287.23562,379.35819,495.23819,561.41685,744.34861,777.89896,524.67036
67.63536,0.0,0.0,0.0,0.0,0.0,0.0,0.0,0.0,0.0,0.0,0.0,0.0,0.0,0.0,51.0658,188.56693,239.33674,323.04507,410.40488,514.10173,564.90484,454.08054,167.97525
26.03536,0.0,0.0,0.0,0.0,0.0,0.0,0.0,0.0,0.0,0.0,0.0,0.0,0.0,0.0,48.14604,177.00226,256.29163,327.82794,393.5902,400.90223,351.79091,261.91181,126.83575
6.72973,0.0,0.0,0.0,0.0,0.0,0.0,0.0,0.0,0.0,0.0,0.0,0.0,0.0,0.0,109.43153,391.19611,517.7182,553.71317,689.83862,935.3247,1073.74799,1041.12907,641.36375
69.21233,0.0,0.0,0.0,0.0,0.0,0.0,0.0,0.0,0.0,0.0,0.0,0.0,0.0,0.23303,143.25868,478.99349,799.12283,921.30937,861.1623,827.11983,669.38647,460.98898,243.32764
41.99422,0.0,0.0,0.0,0.0,0.0,0.0,0.0,0.0,0.0,0.0,0.0,0.0,0.0,0.0,175.42683,713.02033,988.16664,1015.77773,979.43757,1005.22347,973.54826,915.75127,524.39918
52.49207,0.0,0.0,0.0,0.0,0.0,0.0,0.0,0.0,0.0,0.0,0.0,0.0,0.0,0.0,59.66,261.74334,478.72903,727.69822,849.8952,889.27979,1014.4178,1071.28832,671.2823
73.2203,0.0,0.0,0.0,0.0,0.0,0.0,0.0,0.0,0.0,0.0,0.0,0.0,0.0,0.0,211.35803,764.11802,935.80489,957.95942,998.86407,1067.99424,1120.11657,1094.12808,666.05296
70.57639,0.0,0.0,0.0,0.0,0.0,0.0,0.0,0.0,0.0,0.0,0.0,0.0,0.0,0.0,193.52198,721.58386,921.99995,968.68913,964.25311,980.34933,1009.78818,929.54574,505.19875
56.93293,0.0,0.0,0.0,0.0,0.0,0.0,0.0,0.0,0.0,0.0,0.0,0.0,0.0,0.0,152.81737,635.88522,823.67915,885.24317,887.52169,901.3694,945.09796,1085.31543,664.26308
44.79426,0.0,0.0,0.0,0.0,0.0,0.0,0.0,0.0,0.0,0.0,0.0,0.0,0.0,0.0,264.7834,952.30355,1127.00851,1070.15328,1064.52198,1085.4565,1150.62599,1148.79472,693.23483
68.4071,0.0,0.0,0.0,0.0,0.0,0.0,0.0,0.0,0.0,0.0,0.0,0.0,0.0,0.0,222.71608,874.56799,1089.21998,1086.99832,1000.50547,1058.061,1087.61338,971.41357,554.35388
73.48603,0.0,0.0,0.0,0.0,0.0,0.0,0.0,0.0,0.0,0.0,0.0,0.0,0.0,0.0,124.24721,492.5252,781.7985,905.72818,902.48669,980.84863,1038.06401,1020.40611,625.14622
59.76175,0.0,0.0,0.0,0.0,0.0,0.0,0.0,0.0,0.0,0.0,0.0,0.0,0.0,0.0,194.54656,844.77821,1019.85262,1018.96478,981.87905,994.32526,1048.99033,1030.78264,581.81243
51.63983,0.0,0.0,0.0,0.0,0.0,0.0,0.0,0.0,0.0,0.0,0.0,0.0,0.0,0.0,205.45396,841.12581,1076.00651,1019.36193,965.16696,997.29807,1053.72017,1033.27333,611.98362
104.03406,49.30355,9.79956,0.0,0.0,0.0,0.0,0.0,0.0,0.0,0.0,0.0,0.0,0.0,0.0,187.45804,831.40507,1054.33689,1020.50732,973.83449,989.43698,1262.69323,1235.57923,704.50017
61.08661,0.0,0.0,0.0,0.0,0.0,0.0,0.0,0.0,0.0,0.0,0.0,0.0,0.0,0.0,228.51048,985.27559,1269.50782,1236.23433,1175.25397,1197.22185,1265.49515,1234.77843,731.67287
77.12213,7.2355,7.85249,8.37823,8.39416,8.58388,8.55883,8.57356,8.55076,8.53725,8.50504,8.37345,8.06063,8.28025,8.93602,216.17661,973.03558,1271.99062,1243.18763,1185.26097,1201.88995,1261.03749,1222.43716,697.715
72.4423,7.31242,8.03546,8.40611,8.58447,8.75971,8.71125,8.6567,8.55887,8.52416,8.4399,7.77038,7.86725,8.17393,8.47044,177.9546,811.81129,1111.6717,1156.77036,1088.09845,1142.53642,1011.02432,843.14968,441.31869
54.43901,7.20433,8.1878,8.53521,8.52602,8.51484,8.51228,8.50082,8.34788,8.08255,7.99429,8.91189,9.03793,8.30014,8.66745,134.42734,716.11126,1075.25902,1044.96561,1053.78373,1145.44747,1199.25107,1147.76703,629.26515
63.09876,4.91818,0.0,0.0,0.0,0.0,0.0,0.0,0.0,0.0,0.0,0.0,0.0,0.0,0.0,32.17759,167.53211,253.36156,316.07285,412.57967,507.12956,568.71613,511.79946,285.02316
30.85751,0.0,0.0,0.0,0.0,0.0,0.0,0.0,0.0,0.0,0.0,0.0,0.0,0.0,0.0,18.11934,120.0353,202.04944,269.85419,296.79915,342.1167,380.90823,380.3479,279.06643
31.26405,0.0,0.0,0.0,0.0,0.0,0.0,0.0,0.0,0.0,0.0,0.0,0.0,0.0,0.0,16.97611,112.40808,198.07497,286.16923,440.95627,589.78871,584.35409,512.73556,194.98548
16.40645,0.0,0.0,0.0,0.0,0.0,0.0,0.0,0.0,0.0,0.0,0.0,0.0,0.0,0.0,10.92406,99.32636,227.59314,435.45985,479.18608,549.05453,391.99718,295.12315,174.17303
20.87737,0.0,0.0,0.0,0.0,0.0,0.0,0.0,0.0,0.0,0.0,0.0,0.0,0.0,0.0,49.9606,380.91639,696.94741,888.07629,998.79672,998.12681,946.67558,805.18046,483.42833
35.72003,0.0,0.0,0.0,0.0,0.0,0.0,0.0,0.0,0.0,0.0,0.0,0.0,0.0,0.0,1.91655,93.89598,368.16495,608.77102,869.17455,744.14573,689.85853,611.05357,426.05963
36.58318,0.0,0.0,0.0,0.0,0.0,0.0,0.0,0.0,0.0,0.0,0.0,0.0,0.0,0.0,112.66479,931.12373,1301.07795,1260.25788,1185.89551,1193.29601,1291.97953,1315.38139,802.41062
74.82104,0.0,0.0,0.0,0.0,0.0,0.0,0.0,0.0,0.0,0.0,0.0,0.0,0.0,0.0,147.4872,915.63895,1248.00647,1168.13261,1104.37786,1109.67642,1223.33394,1219.03757,740.58667
76.59062,0.0,0.0,0.0,0.0,0.0,0.0,0.0,0.0,0.0,0.0,0.0,0.0,0.0,0.0,89.19105,430.28499,571.28075,572.70905,665.74399,549.96051,398.63083,240.26576,96.97347
9.79453,0.0,0.0,0.0,0.0,0.0,0.0,0.0,0.0,0.0,0.0,0.0,0.0,0.0,0.0,0.0,51.20395,142.61403,198.89332,291.65791,239.34167,354.68621,257.54091,112.81702
8.94496,0.0,0.0,0.0,0.0,0.0,0.0,0.0,0.0,0.0,0.0,0.0,0.0,0.0,0.0,1.51682,38.06649,85.12951,130.81784,199.09723,296.2506,314.06325,405.60733,306.59008
56.89044,0.0,0.0,0.0,0.0,0.0,0.0,0.0,0.0,0.0,0.0,0.0,0.0,0.0,0.0,47.49301,653.37601,1050.21257,1017.43773,1047.37481,1050.92484,1095.48959,983.17307,696.26811
46.3414,0.0,0.0,0.0,0.0,0.0,0.0,0.0,0.0,0.0,0.0,0.0,0.0,0.0,0.0,14.7616,76.95286,272.00824,549.33796,544.43647,450.6166,317.22894,290.48687,205.53369
13.95134,0.0,0.0,0.0,0.0,0.0,0.0,0.0,0.0,0.0,0.0,0.0,0.0,0.0,0.0,19.58351,291.8897,680.37793,787.51658,739.58576,677.14124,741.6634,696.76788,341.8966
50.52862,6.50716,7.28517,7.73832,7.72627,7.73017,7.70905,7.68159,7.70252,7.68751,7.67046,7.62856,7.67855,7.71349,7.56549,18.02466,91.8248,184.99535,337.06437,514.66562,591.93978,506.29463,524.89375,404.97066
69.81941,6.40874,7.24825,7.72743,7.70992,7.70661,7.69287,7.63764,7.65207,7.61386,7.59111,7.56269,7.60211,7.5943,7.48738,44.938,227.3923,350.67002,441.77035,461.56921,450.78757,414.61745,444.66597,324.08618
39.09367,6.81767,7.702,7.80621,7.77962,7.77484,7.74373,7.74867,7.69959,7.78647,7.76535,7.68098,7.73892,7.7872,7.73732,13.26962,50.81238,105.01703,181.78113,227.25962,214.88448,157.88251,95.20891,55.07262
12.33826,7.25366,8.07856,8.0803,7.91197,0.0,0.0,0.0,0.0,0.0,0.0,0.0,0.0,0.0,0.0,2.41446,46.00197,107.08435,221.25246,399.25499,439.4092,370.43089,344.07551,192.20252
18.17048,0.0,0.0,0.0,0.0,0.0,0.0,0.0,0.0,0.0,0.0,0.0,0.0,0.0,0.0,10.06157,109.17647,287.29366,374.34379,407.73592,312.86621,183.9671,107.02268,47.62271
1.62841,0.0,0.0,0.0,0.0,0.0,0.0,0.0,0.0,0.0,0.0,0.0,0.0,0.0,0.0,13.72671,34.5857,48.83268,81.26294,135.17298,161.40951,162.72921,175.97997,153.87496
31.47765,0.0,0.0,0.0,0.0,0.0,0.0,0.0,0.0,0.0,0.0,0.0,0.0,0.0,0.0,41.48973,208.65832,553.11017,725.74329,771.17683,631.24852,865.67034,1023.6253,630.50246
91.43756,1.95518,2.48264,0.0,0.0,0.0,0.0,0.0,0.0,0.0,0.0,0.0,0.0,0.0,0.0,91.37457,415.50631,958.24887,820.28054,662.09739,768.55026,589.14547,224.28592,74.30094
7.23142,0.0,0.0,0.0,0.0,0.0,0.0,0.0,0.0,0.0,0.0,0.0,0.0,0.0,0.0,85.06566,501.10753,1061.43575,1139.65032,1031.67354,1104.4604,939.3938,818.90688,475.64439
57.9316,0.0,0.0,0.0,0.0,0.0,0.0,0.0,0.0,0.0,0.0,0.0,0.0,0.0,0.0,6.87754,63.52537,117.35401,292.36098,543.04148,776.48112,777.14022,461.18154,384.75426
70.22667,0.0,0.0,0.0,0.0,0.0,0.0,0.0,0.0,0.0,0.0,0.0,0.0,0.0,0.0,2.43421,106.93305,527.56294,921.02087,844.1603,851.24385,778.07859,766.98055,585.31926
88.02301,0.0,0.0,0.0,0.0,0.0,0.0,0.0,0.0,0.0,0.0,0.0,0.0,0.0,0.0,4.14952,78.74691,223.47657,514.36827,535.2888,505.29948,440.11993,294.43598,218.81898
26.1563,0.0,0.0,0.0,0.0,0.0,0.0,0.0,0.0,0.0,0.0,0.0,0.0,0.0,0.0,15.25047,208.96124,477.07426,756.01584,734.52397,893.01931,932.07848,967.18277,644.00553
115.61695,0.0,0.0,0.0,0.0,0.0,0.0,0.0,0.0,0.0,0.0,0.0,0.0,0.0,0.0,38.21483,284.76782,510.4119,687.49174,800.17875,945.02885,842.33744,812.02051,382.9483
49.54635,0.0,0.0,0.0,0.0,0.0,0.0,0.0,0.0,0.0,0.0,0.0,0.0,0.0,0.0,93.20233,640.34612,1040.14917,1183.25796,1055.76408,1088.83371,1030.6732,1066.51437,825.31586
